index,open,high,low,close
2018/11/1,6302.4,6337.99,6293.48,6335.36
2018/11/2,6335.36,6379.52,6330.15,6351.1
2018/11/4,6413.23,6464.83,6410.4,6413.12
2018/11/5,6413.23,6464.83,6372.01,6400.96
2018/11/6,6400.96,6454.24,6385.87,6420.95
2018/11/7,6420.95,6537.35,6419.41,6501.65
2018/11/8,6501.74,6511.75,6390.48,6419.5
2018/11/9,6419.5,6433.26,6309.73,6326.2
2018/11/11,6316.01,6332.65,6314.03,6314.2
2018/11/12,6316.01,6384.96,6306.7,6309.96
2018/11/13,6309.96,6329.03,6254.48,6280.74
2018/11/14,6280.74,6294.25,5322,5551.06
2018/11/15,5551.06,5644.33,5202.91,5469.65
2018/11/16,5469.65,5609.35,5441.31,5451.72
2018/11/18,5536.99,5660.36,5519.8,5543.73
2018/11/19,5536.99,5660.36,4693.38,4785.55
2018/11/20,4785.55,4889.44,4051.01,4337.68
2018/11/21,4337.68,4629.38,4189.99,4450.42
2018/11/22,4450.42,4588.89,4363.96,4427.83
2018/11/23,4427.83,4446.19,4093.27,4260.57
2018/11/25,3675.54,4112.93,3675.44,4048.03
2018/11/26,3675.54,4112.93,3522.58,3663.84
2018/11/27,3663.84,3797.67,3563.47,3767.37
2018/11/28,3767.37,4357.07,3743.06,4221.02
2018/11/29,4221.03,4403.69,4089.31,4183.59
2018/11/30,4183.59,4297.75,3867.6,3930.38
2018/12/2,4104.33,4185.14,4080.61,4148.09
2018/12/3,4104.33,4185.14,3746.75,3870.97
2018/12/4,3870.97,4032,3735.03,3898.03
2018/12/5,3898.03,3913.71,3668.09,3723.53
2018/12/6,3723.53,3842.01,3548.89,3596.41
2018/12/7,3596.41,3620.77,3211.48,3388.91
2018/12/9,3557.51,3589.56,3522.74,3526.26
2018/12/10,3557.51,3591.36,3356.63,3400.92
2018/12/11,3400.92,3426.11,3294.25,3373.78
2018/12/12,3373.78,3485.58,3326.5,3440.18
2018/12/13,3440.18,3443.25,3226.33,3254.81
2018/12/14,3254.82,3293.11,3136.04,3156.89
2018/12/16,3199.99,3237.42,3197.91,3203.6
2018/12/17,3199.99,3583.23,3183.67,3493.65
2018/12/18,3493.65,3569.78,3435.13,3535.18
2018/12/19,3535.18,3921.32,3522.88,3668.85
2018/12/20,3669.34,4170.95,3662.32,3993.58
2018/12/21,3993.58,4158.76,3773.38,3848.6
2018/12/23,3959.64,3993.37,3929.46,3961.415
2018/12/24,3959.64,4234.21,3910.43,4072.32
2018/12/25,4064.81,4075.35,3677.44,3876.395
2018/12/26,3789.34,3862.86,3685.29,3774.075
2018/12/27,3775.48,3840.94,3568.88,3585.43
2018/12/28,3585.43,3956.71,3567.19,3892.14
2018/12/30,3817.79,3848.93,3759.94,3821.31
2018/12/31,3817.79,3848.93,3637.73,3674.18
2019/1/1,3674.18,3745.6,3645.66,3720.6
2019/1/2,3720.6,3899.58,3708.67,3884.98
2019/1/3,3884.98,3916.72,3762.38,3794.92
2019/1/4,3794.92,3849.67,3731.55,3833.53
2019/1/6,4060.4,4077.21,4022.66,4031.29
2019/1/7,4060.4,4077.21,3969.85,4005.34
2019/1/8,4005.34,4109.33,3951.74,4000.42
2019/1/9,4000.42,4041.45,3966.42,4003.99
2019/1/10,4003.99,4034.82,3574.62,3804.72
2019/1/11,3630.86,3695.22,3587.52,3641.37
2019/1/13,3518.43,3532.73,3486.56,3516.03
2019/1/14,3518.43,3709.91,3486.56,3663.59
2019/1/15,3663.59,3685.11,3549.63,3568.48
2019/1/16,3568.48,3667.83,3567.96,3617.895
2019/1/17,3603.48,3658.59,3545.44,3602.015
2019/1/18,3624.84,3649.82,3579.52,3614.67
2019/1/20,3520.82,3545.17,3514.81,3538.45
2019/1/21,3520.82,3568.34,3507.13,3521.04
2019/1/22,3521.04,3611.22,3436.4,3574.52
2019/1/23,3574.52,3612.37,3522.22,3544.51
2019/1/24,3544.51,3595.2,3529.18,3570.93
2019/1/25,3570.93,3578.1,3512.82,3558.51
2019/1/27,3549.2,3552.36,3539.09,3541.27
2019/1/28,3549.2,3552.36,3375.7,3464.03
2019/1/29,3417.04,3440.72,3343.77,3401.14
2019/1/30,3401.14,3458.86,3372.96,3432.64
2019/1/31,3432.64,3472.07,3396.17,3417.04
2019/2/1,3417.04,3456.01,3374.67,3448.51
2019/2/3,3418.08,3430,3386.67,3395.68
2019/2/4,3418.08,3435.91,3386.67,3417.03
2019/2/5,3417.28,3430.34,3398.45,3422.6
2019/2/6,3422.6,3443.33,3338.58,3366.32
2019/2/7,3366.32,3381.62,3353,3358.91
2019/2/8,3358.71,3707.33,3343.27,3594.91
2019/2/10,3606.09,3612.76,3600.03,3605.5
2019/2/11,3606.09,3653.65,3578.58,3591.59
2019/2/12,3591.59,3618.2,3550.83,3576.31
2019/2/13,3576.31,3628.96,3561.4,3571.42
2019/2/14,3571.63,3589.52,3537.09,3570.02
2019/2/15,3569.94,3614.87,3547.14,3564.79
2019/2/17,3574.98,3603.46,3565.6,3585.56
2019/2/18,3574.98,3916.08,3565.6,3852.25
2019/2/19,3852.25,3970.22,3830.26,3887.89
2019/2/20,3887.89,3962.16,3865.94,3912.98
2019/2/21,3913.2,3986.41,3868.03,3897.72
2019/2/22,3897.72,3955.89,3885.69,3941.75
2019/2/24,3761,3805.67,3753.38,3787.61
2019/2/25,3761,3859.93,3728.84,3805.67
2019/2/26,3805.67,3830.6,3765.89,3790.19
2019/2/27,3790.19,3823.43,3659.76,3749.38
2019/2/28,3749.17,3884,3742.36,3802.53
2019/3/1,3802.53,3843.26,3783.01,3828.22
2019/3/3,3792.1,3795.11,3786.61,3788.98
2019/3/4,3792.1,3805.17,3671.32,3699.76
2019/3/5,3700.02,3871.33,3682.26,3833.97
2019/3/6,3833.97,3892.22,3810.21,3845.71
2019/3/7,3845.95,3889.55,3830.24,3871.42
2019/3/8,3871.42,3910.41,3848.8,3868.84
2019/3/10,3885.47,3898.3,3879.36,3896.7
2019/3/11,3885.47,3912.65,3816.5,3847.91
2019/3/12,3848.21,3876.23,3798.84,3865.41
2019/3/13,3865.41,3872.27,3826.48,3852.32
2019/3/14,3852.32,3901.1,3787.91,3851.57
2019/3/15,3851.16,3908.28,3846.2,3897.41
2019/3/17,3964.18,3975.74,3964.01,3975.48
2019/3/18,3964.18,4015.31,3935.17,3971.19
2019/3/19,3971.19,4009.6,3949.84,3991.47
2019/3/20,3991.47,4018.69,3964.37,4009.47
2019/3/21,4009.47,4056.22,3920.1,3973.24
2019/3/22,3973.24,3999.34,3960.7,3977.74
2019/3/24,3966.46,3967.97,3944.94,3958.02
2019/3/25,3966.46,3978.79,3859.15,3887.56
2019/3/26,3887.56,3922.02,3881.27,3912.6
2019/3/27,3912.6,4032.44,3908.46,4008.98
2019/3/28,4008.98,4036.61,3993.97,4010.76
2019/3/29,4010.76,4100.99,3999.8,4072.16
2019/3/31,4088.39,4097.48,4084.87,4092.97
2019/4/1,4088.39,4148.24,4052.2,4126.69
2019/4/2,4126.91,5078.52,4125.9,4802.47
2019/4/3,4802.47,5316.24,4783.12,5296
2019/4/4,5296,5344.52,4782.75,4847.05
2019/4/5,4847.09,5066.88,4839.03,4999.01
2019/4/7,5129.12,5174.36,5111.77,5142.94
2019/4/8,5129.12,5349.17,5111.77,5252.89
2019/4/9,5252.77,5311.4,5146.71,5220.08
2019/4/10,5220.08,5460.45,5158.58,5302.92
2019/4/11,5302.92,5342.98,4970.92,5054.03
2019/4/12,5054.03,5117.32,4913.32,5042.54
2019/4/14,5109.32,5109.63,5083,5089.29
2019/4/15,5109.32,5191.48,4948.63,5021.53
2019/4/16,5021.53,5229.42,5008.78,5185.02
2019/4/17,5185.02,5270.61,5175.53,5221.26
2019/4/18,5221.26,5314.31,5205.05,5308.57
2019/4/19,5308.45,5357.73,5196.66,5269.97
2019/4/21,5238.09,5272,5232.52,5239.36
2019/4/22,5238.09,5440.01,5232.52,5365.89
2019/4/23,5365.89,5642.73,5357.04,5580.07
2019/4/24,5580.1,5621.51,5375.16,5435.81
2019/4/25,5435.81,5510.16,5376.13,5495.18
2019/4/26,5495.18,5499.96,4983.75,5097.52
2019/4/28,5165.41,5171.4,5102.3,5129.43
2019/4/29,5165.41,5188.44,5074.93,5129.68
2019/4/30,5129.68,5287.5,5100.01,5237.87
2019/5/1,5237.87,5357.41,5236.8,5307.8
2019/5/2,5307.8,5421.01,5289.65,5405.46
2019/5/3,5405.59,5795.5,5366.37,5689.05
2019/5/5,5714.14,5767.57,5695.35,5767.57
2019/5/6,5714.14,5780.79,5565.98,5693.95
2019/5/7,5693.95,5966.77,5676.75,5844.63
2019/5/8,5844.63,5912.38,5665.28,5900.67
2019/5/9,5900.67,6096.6,5853.31,6080.72
2019/5/10,6080.72,6426.43,6078.77,6291.33
2019/5/12,7077.38,7174.63,6964.32,7172.67
2019/5/13,7077.38,7970.45,6866.69,7864.38
2019/5/14,7864.38,8331.38,7615.89,7719.93
2019/5/15,7719.93,8264.9,7626.76,8171.07
2019/5/16,8171.07,8386.13,7676.02,7676.51
2019/5/17,7680.15,7956.98,6631.91,7106.31
2019/5/19,7986.06,8082.37,7907.03,7994.7
2019/5/20,7986.06,8298.89,7581.53,7940.21
2019/5/21,8007.03,8129.97,7811.55,8086.18
2019/5/22,8087.02,8111.47,7696.32,7832.46
2019/5/23,7832.46,7880.81,7472.91,7878.46
2019/5/24,7878.46,8175,7797.19,8112.36
2019/5/26,8019.98,8782.59,8019.78,8582.04
2019/5/27,8019.98,8942.58,8019.78,8754.64
2019/5/28,8754.64,8849.8,8542.15,8687.79
2019/5/29,8689.51,8757.38,8430.44,8646.35
2019/5/30,8646.35,9088.42,8402.48,8463.48
2019/5/31,8463.48,8514.65,8007.04,8503.38
2019/6/2,8686.5,8710.73,8646,8687.43
2019/6/3,8686.5,8759.63,8332.51,8556.11
2019/6/4,8556.11,8560.76,7509.47,7651.38
2019/6/5,7651.38,7923.68,7446.67,7732.88
2019/6/6,7732.88,7871.13,7458.41,7690.61
2019/6/7,7690.61,8132.43,7686.55,7898.63
2019/6/9,7684.34,7763.36,7680.2,7718.88
2019/6/10,7684.34,8077,7510.88,7943.46
2019/6/11,7943.46,8053.9,7712.81,7926.36
2019/6/12,7926.1,8263.26,7823.2,8120.45
2019/6/13,8120.45,8294.5,8049.18,8261.05
2019/6/14,8261.05,8466.19,8180.15,8452.83
2019/6/16,9056.09,9057.13,8821.05,8932.64
2019/6/17,9056.09,9420.98,8821.05,9273.06
2019/6/18,9273.06,9477,8936.77,9125.34
2019/6/19,9125.34,9210.14,8946.68,9167.27
2019/6/20,9167.27,9599.13,9140.22,9562.66
2019/6/21,9562.66,9950,9464.37,9939.81
2019/6/23,10847.62,11082.67,10847.62,10965.145
2019/6/24,10847.62,11251.21,10548.09,10856.69
2019/6/25,10856.69,11471.93,10836.19,11366.24
2019/6/26,11366.24,13851.6,11365.07,12733.71
2019/6/27,12733.71,13345.17,10305.23,10686.14
2019/6/28,10686.14,12396.56,10462.73,12212.7
2019/6/30,11170.58,11414.55,11092.18,11392.98
2019/7/1,11170.58,11432.51,9984.18,10481.86
2019/7/2,10481.34,10929.35,9660.44,10714.88
2019/7/3,10714.88,11570.5,10598.09,11378.23
2019/7/4,11378.25,12060.75,11301.43,11721.74
2019/7/5,11721.73,11742.97,10775.56,11034
2019/7/7,11461.3,11615.75,11425.1,11507.39
2019/7/8,11461.3,12290.69,11329.58,12207.1
2019/7/9,12205.15,12821.48,12125.83,12401.88
2019/7/10,12401.88,13190.29,11640.29,11778.8
2019/7/11,11779.26,12192.58,10984.37,11146.07
2019/7/12,11146.08,11916.68,11069.18,11907.36
2019/7/14,10491.52,10730.61,10371.57,10641.23
2019/7/15,10491.52,10947.72,9869.56,10821.99
2019/7/16,10821.99,11074.52,9486.55,9595.05
2019/7/17,9596.16,9982.55,9083.78,9686.99
2019/7/18,9686.98,10744.72,9289.76,10616.88
2019/7/19,10616.88,10791,10121.75,10529.52
2019/7/21,10499.27,10515.34,10345.3,10504.08
2019/7/22,10499.27,10682.69,10073.47,10322.33
2019/7/23,10322.33,10381.27,9867.88,10147.93
2019/7/24,10147.2,10147.2,9515.51,9671.71
2019/7/25,9671.73,10182.69,9662.81,9874.05
2019/7/26,9874.05,9943.16,9659.1,9834.23
2019/7/28,9534.01,9550.2,9467.73,9508.965
2019/7/29,9534.01,9718.7,9117.63,9516.61
2019/7/30,9516.61,9761.25,9377.69,9541.65
2019/7/31,9541.65,10125.05,9522.77,10026.61
2019/8/1,10026.61,10489.24,9884.08,10411.97
2019/8/2,10411.96,10668.87,10331.18,10399.38
2019/8/4,10943.38,11003.81,10922.94,10945.5
2019/8/5,10943.38,11946.76,10794.64,11723.69
2019/8/6,11723.69,12316.05,11538.2,11643.41
2019/8/7,11643.41,12144.38,11208.6,11863.77
2019/8/8,11863.79,12066.93,11484.2,11595.78
2019/8/9,11595.8,12053.7,11588,11864.63
2019/8/11,11378.2,11424.43,11286.19,11409.65
2019/8/12,11378.2,11580.49,11233.94,11418.31
2019/8/13,11418.31,11439.9,10746.55,10882.13
2019/8/14,10882.13,10892,10033.48,10171.6
2019/8/15,10171.6,10393.35,9492.73,10372.72
2019/8/16,10372.72,10539.86,9747.75,10395.4
2019/8/18,10388.2,10421.01,10324.64,10363.71
2019/8/19,10388.2,10836.1,10271.93,10678.85
2019/8/20,10678.83,10954.77,10566.23,10706.71
2019/8/21,10706.68,10841.6,9855.38,10155.19
2019/8/22,10155.19,10236.32,9758.78,10182.76
2019/8/23,10182.76,10469.58,10046.28,10361.52
2019/8/25,10079.81,10124,9964.11,9998.22
2019/8/26,10079.81,10655.39,9912.51,10265.73
2019/8/27,10265.73,10395.48,10029.95,10143.08
2019/8/28,10143.08,10280.6,9575.46,9669.45
2019/8/29,9669.49,9748.38,9323.98,9526.03
2019/8/30,9526.03,9699.1,9365.77,9626.18
2019/9/1,9613.4,9643.11,9595.68,9638.82
2019/9/2,9613.4,10469.8,9595.68,10408.87
2019/9/3,10408.84,10775.92,10290.73,10712.47
2019/9/4,10712.47,10827.08,10385.72,10626.01
2019/9/5,10626.01,10696.32,10461.67,10518.1
2019/9/6,10518.1,10941.17,10205.68,10356.88
2019/9/8,10346.98,10380.35,10331.8,10366.7
2019/9/9,10346.98,10530.31,10068.63,10237.89
2019/9/10,10237.89,10386.29,9938.37,10052.99
2019/9/11,10055.1,10253.5,9867.05,10099.08
2019/9/12,10099.08,10374.21,10034.15,10331.07
2019/9/13,10331.07,10464.41,10163.28,10270.67
2019/9/15,10302.28,10319.53,10271.71,10275.78
2019/9/16,10302.28,10374.51,10080.7,10215.87
2019/9/17,10215.87,10344.75,10138.13,10250.3
2019/9/18,10250.28,10262.03,10094.5,10196.93
2019/9/19,10196.9,10364.4,9644.85,10258.85
2019/9/20,10258.9,10314.63,10069.71,10135.94
2019/9/22,9974.4,10022.94,9969.19,10008.8
2019/9/23,9974.4,10075.04,9695.95,9765.49
2019/9/24,9765.49,9817.6,8087.91,8582
2019/9/25,8582,8799.13,8229.96,8511.8
2019/9/26,8510.6,8656.05,7736.71,8094.12
2019/9/27,8094.12,8133.01,7867.46,8060.97
2019/9/29,7985.69,8020.45,7930.48,8013.75
2019/9/30,7985.69,8363.78,7725.63,8240.9
2019/10/1,8240.9,8531.33,8194.37,8380.24
2019/10/2,8380.24,8417.14,8176.76,8235.09
2019/10/3,8235.09,8418.12,8091.34,8161.33
2019/10/4,8161.33,8297.11,8029.15,8163.13
2019/10/6,7999.8,8010.83,7799.6,7905.215
2019/10/7,7999.8,8313.25,7770,8041.625
2019/10/8,8218.02,8344.31,8113.55,8228.93
2019/10/9,8129.51,8692.79,8120.4,8590.16
2019/10/10,8590.19,8660.73,8457.01,8580.86
2019/10/11,8580.94,8810.81,8288.27,8342.93
2019/10/13,8431.49,8451.85,8171.63,8263.34
2019/10/14,8431.49,8451.85,8171.63,8343.42
2019/10/15,8343.42,8418.35,8096.59,8144.33
2019/10/16,8144.33,8187.83,7916.05,7988.24
2019/10/17,7988.24,8127.42,7940.91,8046.49
2019/10/18,8046.49,8118.67,7829.7,7947.7
2019/10/20,8151.83,8311.88,8143.47,8226.5
2019/10/21,8151.83,8346.52,8143.47,8207.68
2019/10/22,8208.39,8313.89,8084.13,8125.1
2019/10/23,8125.1,8161.08,7305.45,7491.38
2019/10/24,7491.38,7510.74,7360.17,7456.59
2019/10/25,7456.58,8784.13,7397.6,8574.4
2019/10/27,9691.59,9808.38,9576.1,9623.68
2019/10/28,9691.59,9933.83,9267.87,9456.3
2019/10/29,9456.3,9560.25,9085.16,9446.04
2019/10/30,9446.04,9472,9000.1,9184.99
2019/10/31,9184.99,9427.01,8960.83,9189.42
2019/11/1,9189.42,9299.49,9054.7,9212.68
2019/11/3,9163,9176.03,9080.13,9157.7
2019/11/4,9163,9585.95,9080.13,9443.36
2019/11/5,9443.36,9481.71,9186.2,9357.06
2019/11/6,9357.06,9448.42,9258.9,9314.92
2019/11/7,9314.92,9372.21,9086.7,9209.87
2019/11/8,9209.87,9271.86,8679.32,8866.55
2019/11/10,9040.86,9065.21,9025.24,9042.05
2019/11/11,9040.86,9099.87,8611.01,8736.17
2019/11/12,8736.17,8867.19,8567.15,8764.95
2019/11/13,8764.95,8838.18,8708.5,8753.01
2019/11/14,8753.02,8793.25,8563.25,8651.15
2019/11/15,8651.15,8769.15,8380,8453.89
2019/11/17,8547.21,8630.75,8523.25,8555.38
2019/11/18,8547.21,8630.75,8033.09,8218.67
2019/11/19,8218.44,8253.37,8000.39,8108.09
2019/11/20,8107.8,8223.39,8031.28,8087.79
2019/11/21,8087.79,8125.45,7407.48,7598.7
2019/11/22,7598.6,7713.49,6798.13,7343.85
2019/11/24,7084.55,7111.06,7002.37,7050
2019/11/25,7084.55,7374.59,6530.95,7214.3
2019/11/26,7214.3,7340.46,7028.03,7113.51
2019/11/27,7113.52,7672.95,6854.44,7550.08
2019/11/28,7550.08,7658.29,7425.95,7564.94
2019/11/29,7564.94,7867.53,7376.53,7710.34
2019/12/1,7323.54,7387.05,7286.91,7381.45
2019/12/2,7323.54,7450.09,7166.4,7319.36
2019/12/3,7319.36,7412.88,7245.3,7329.85
2019/12/4,7329.86,7774.69,7091.84,7187.39
2019/12/5,7187.36,7489,7160.34,7379.66
2019/12/6,7379.68,7603.99,7315.43,7469.48
2019/12/8,7539.02,7567.63,7514.34,7546.9
2019/12/9,7539.02,7654.02,7286.8,7356.78
2019/12/10,7356.78,7402.58,7167.63,7222.09
2019/12/11,7222.09,7279.42,7135.02,7191.95
2019/12/12,7191.95,7292.28,7083.38,7200.62
2019/12/13,7200.62,7300.11,7181.03,7240.62
2019/12/15,7100.29,7137.5,7091.75,7120.76
2019/12/16,7100.29,7154.45,6831.45,6876.58
2019/12/17,6876.58,6948.58,6576.39,6616.45
2019/12/18,6616.45,7226.95,6436.5,7131.58
2019/12/19,7131.58,7442.87,7047.29,7157.05
2019/12/20,7156.45,7221.23,7079.65,7198.73
2019/12/22,7315.36,7459.75,7315.36,7407.05
2019/12/23,7315.36,7689.15,7291.81,7319.77
2019/12/24,7319.77,7423.84,7161.52,7246.81
2019/12/25,7246.81,7267.58,7119.37,7211.27
2019/12/26,7211.27,7427.19,7168.48,7189.08
2019/12/27,7189.08,7252.5,7068.11,7219.5
2019/12/29,7397.66,7524.5,7355.07,7388.48
2019/12/30,7397.66,7524.5,7203.33,7243.35
2019/12/31,7243.35,7299.86,7116.03,7158.27
2020/1/1,7158.22,7236.37,7151.89,7216.21
2020/1/2,7216.23,7246.71,6912.96,6960.58
2020/1/3,6960.58,7400.72,6859.44,7269.82
2020/1/5,7462.59,7464.56,7363.55,7363.55
2020/1/6,7462.59,7604.5,7317.78,7575.93
2020/1/7,7576.02,8192.21,7575.42,8021.36
2020/1/8,8021.36,8462.1,7874.81,8004.26
2020/1/9,8004.26,8108.37,7748.81,7786.84
2020/1/10,7786.84,8131,7678.09,8043.69
2020/1/11,8043.69,8287.25,7986.02,8101.99
2020/1/12,8101.99,8184.4,7963.18,8099.1
2020/1/13,8099.1,8194,8044.77,8131.06
2020/1/14,8131.06,8854.1,8099.88,8736.16
2020/1/15,8736.2,8896.13,8555.67,8821.69
2020/1/16,8821.69,8859.88,8581.67,8678.8
2020/1/17,8678.8,9007.25,8664.77,8906.32
2020/1/18,8906.8,8976.51,8805.75,8914.28
2020/1/19,8914.28,9181.63,8485.03,8718.75
2020/1/20,8718.75,8742.81,8494.51,8671.68
2020/1/21,8672.05,8771.31,8488.84,8721.88
2020/1/22,8721.88,8792.56,8572.54,8640.65
2020/1/23,8640.65,8664.36,8281,8382.87
2020/1/24,8382.87,8426.22,8380.2,8406.05
2020/1/28,8912.9,9183.17,8876.01,9042.56
2020/1/29,9042.56,9429.18,9039.15,9354.7
2020/1/30,9354.7,9564.52,9185.33,9552.18
2020/1/31,9552.18,9562.55,9199.36,9354.29
2020/2/1,9354.31,9456.58,9287.44,9358.74
2020/2/2,9358.74,9469.7,9150.69,9443.43
2020/2/3,9443.43,9608.03,9222.94,9274.19
2020/2/4,9273.56,9346.65,9080.33,9139.77
2020/2/5,9139.83,9765.88,9129.78,9687.28
2020/2/6,9687.28,9854.47,9530.87,9737.36
2020/2/7,9737.36,9868.16,9655.23,9744.46
2020/2/8,9744.46,9942.7,9660.82,9925.58
2020/2/9,9925.58,10174.78,9851.87,10077.63
2020/2/10,10077.63,10194.88,9749.78,9866.28
2020/2/11,9866.29,10386.53,9712.47,10236.53
2020/2/12,10236.53,10481.16,10219.04,10389.08
2020/2/13,10389.08,10500.6,10082.44,10180.13
2020/2/14,10180.13,10391.43,10102.26,10344.55
2020/2/15,10344.55,10396.91,9778.38,9924.7
2020/2/16,9924.7,10046.46,9638.13,9773.09
2020/2/17,9773.09,9998.92,9475.5,9646.95
2020/2/18,9646.95,10278.1,9615.32,10154.96
2020/2/19,10154.96,10299.59,9327.29,9612.05
2020/2/20,9612.07,9704.22,9400.29,9610.56
2020/2/21,9610.59,9769.83,9573.25,9674.01
2020/2/22,9674.01,9728.07,9574.17,9697.32
2020/2/23,9698.39,10023.31,9665.13,9885.42
2020/2/24,9885.42,10022.71,9489.13,9606.78
2020/2/25,9606.78,9678.76,9245.46,9383.9
2020/2/26,9383.9,9425.64,8640.3,8747.24
2020/2/27,8747.24,8972.79,8524.21,8757.31
2020/2/28,8757.31,8899.43,8438.05,8671.27
2020/2/29,8671.27,8810.07,8587.74,8633.36
2020/3/1,8633.36,8755.9,8410.63,8512.54
2020/3/2,8512.55,8951,8489.89,8945.93
2020/3/3,8945.93,8981.54,8664.5,8738.3
2020/3/4,8738.3,8851.7,8673.52,8732.24
2020/3/5,8732.24,9168.59,8728.45,9115.82
2020/3/6,9115.82,9183.52,9001.59,9138.35
2020/3/7,9138.35,9217.36,8861.93,8892.79
2020/3/8,8892.79,8943.75,8015.09,8079.07
2020/3/9,8284.55,8304.79,7639.38,7861.2
2020/3/10,7861.2,8157.03,7740.19,7999.1
2020/3/11,7999.1,8048.88,7595.75,7863.14
2020/3/12,7863.14,7987.27,5597.67,5725.35
2020/3/13,5725.33,5991.58,3914.7,5434.09
2020/3/14,5433.79,5774.1,5212.12,5334.27
2020/3/15,5334.27,5587.07,5058.75,5177.49
2020/3/16,5177.49,5965.38,4442.65,4904.48
2020/3/17,4904.73,5504.29,4868.47,5469.8
2020/3/18,5469.8,5566.16,5028.35,5338.27
2020/3/19,5338.27,6390.96,5266.46,6254.32
2020/3/20,6254.4,6929.38,5689.23,5971.92
2020/3/21,5971.92,6380.53,5868.96,6336.94
2020/3/22,6336.94,6455.68,5793.05,5937.7
2020/3/23,5937.7,6622.44,5687.89,6414.54
2020/3/24,6414.57,6859.95,6360.12,6752.28
2020/3/25,6752.28,6979.44,6470.66,6598.56
2020/3/26,6598.56,6793.33,6529.48,6744.69
2020/3/27,6744.69,6869.21,6585.05,6683.67
2020/3/28,6683.67,6707.93,6038.18,6258.91
2020/3/29,6259.06,6279.13,5871.29,5949.89
2020/3/30,5949.89,6519.16,5857.03,6477.56
2020/3/31,6477.56,6623.2,6342.99,6481.37
2020/4/1,6481.37,6494.75,6161.91,6351.21
2020/4/2,6351.21,7243.23,6350.08,6749.37
2020/4/3,6749.37,7048.39,6614.15,6703.55
2020/4/4,6703.55,7010.43,6660.63,6843.81
2020/4/5,6843.54,6911.37,6683.18,6761.43
2020/4/6,6761.43,7321.8,6729.73,7231.12
2020/4/7,7231.12,7467.1,7080.3,7118.23
2020/4/8,7118.23,7424.94,7086.65,7325.08
2020/4/9,7325.08,7396.91,7113.8,7306.08
2020/4/10,7306.08,7324.13,6752.18,6920.1
2020/4/11,6920.1,6954.95,6775.23,6796.91
2020/4/12,6796.91,7199.38,6782.79,7122.4
2020/4/13,7123.17,7149.44,6580.58,6828.62
2020/4/14,6828.62,6987.05,6771.91,6873.41
2020/4/15,6873.41,6938.99,6694.18,6752.45
2020/4/16,6752.45,7140.46,6478.31,7060.08
2020/4/17,7060.08,7211.03,7001.89,7060.14
2020/4/18,7060.14,7280,7024.17,7233.21
2020/4/19,7233.21,7301.74,7065.31,7150.37
2020/4/20,7150.37,7221.96,6760.34,6868.11
2020/4/21,6867.31,6950.67,6775.67,6894.6
2020/4/22,6894.62,7164.97,6826.9,7119.34
2020/4/23,7119.34,7767.48,7037.66,7541.59
2020/4/24,7541.59,7617.9,7404.22,7533.88
2020/4/25,7533.88,7715.84,7443.1,7553.5
2020/4/26,7553.16,7709.2,7491.9,7651.93
2020/4/27,7651.93,7798.33,7592.17,7708.12
2020/4/28,7708.17,7793.18,7671.47,7736.85
2020/4/29,7736.85,8961.86,7719.95,8933.48
2020/4/30,8933.48,9467.99,8412.87,8826.56
2020/5/1,8826.53,9071.16,8594.33,8734.2
2020/5/2,8734.1,9016.73,8733.82,8934.5
2020/5/3,8934.5,9199.78,8734.4,8848.36
2020/5/4,8848.41,8965.14,8537.43,8921.68
2020/5/5,8921.68,9118.11,8773.38,8951.51
2020/5/6,8951.51,9396.7,8922.86,9250.9
2020/5/7,9250.9,9966.38,9045.24,9801.31
2020/5/8,9801.31,10069.79,9731.33,9998.9
2020/5/9,9998.9,10020.03,9525.34,9649.88
2020/5/10,9650.46,9676.45,8134.55,8675.29
2020/5/11,8675.29,9169.08,8200.93,8636.21
2020/5/12,8636.21,8978.62,8476.47,8824.98
2020/5/13,8824.98,9341.21,8746.89,9300.04
2020/5/14,9300.04,9939.63,9264.85,9656.61
2020/5/15,9656.61,9849.05,9128,9241.91
2020/5/16,9241.91,9587.11,9206.51,9381.42
2020/5/17,9381.59,9888.83,9328.07,9738.8
2020/5/18,9738.8,9947.95,9464.54,9677.73
2020/5/19,9677.73,9897.4,9468.05,9690.24
2020/5/20,9690.24,9837.27,9306.07,9588.55
2020/5/21,9588.55,9589.47,8805.13,9056.92
2020/5/22,9056.92,9263.35,8928.79,9181
2020/5/23,9181.45,9312.57,9093.37,9235.17
2020/5/24,9235.17,9299.74,8852.62,9001.5
2020/5/25,9001.5,9081.79,8638.5,8914.38
2020/5/26,8914.38,9011.73,8701.43,8859.07
2020/5/27,8859.07,9225.63,8808.1,9163.42
2020/5/28,9163.42,9532.88,9056.48,9446.84
2020/5/29,9446.84,9622.14,9339.92,9415.96
2020/5/30,9415.96,9595.93,9328.99,9440.21
2020/5/31,9440.21,9738.39,9435.57,9505.38
2020/6/1,9505.38,9696.13,9389.9,9680.19
2020/6/2,9680.07,10378.32,9290.05,9522.85
2020/6/3,9522.85,9644.85,9397.26,9583.65
2020/6/4,9583.65,9883.61,9466.02,9783.87
2020/6/5,9783.87,9858.85,9607.01,9712.33
2020/6/6,9712.33,9732.12,9531.92,9706
2020/6/7,9706,9816.2,9390.99,9732.43
2020/6/8,9732.43,9802.48,9650.98,9702.87
2020/6/9,9702.87,9886.12,9574.81,9749.6
2020/6/10,9749.6,10003.3,9704.41,9867.63
2020/6/11,9867.35,9973.98,9091.42,9340.86
2020/6/12,9340.86,9549.07,9232.76,9463.3
2020/6/13,9463.3,9492.79,9359.24,9403.53
2020/6/14,9403.53,9479.18,9311.81,9382.05
2020/6/15,9382.05,9523.64,8902.67,9481.06
2020/6/16,9481.06,9590.8,9383.05,9494.7
2020/6/17,9494.7,9558.14,9238.36,9374.04
2020/6/18,9374.04,9478.13,9312.75,9343.09
2020/6/19,9343.09,9428.15,9233.62,9315.35
2020/6/20,9315.42,9371.1,9172.39,9318.47
2020/6/21,9318.47,9418.9,9296.52,9310.9
2020/6/22,9310.85,9668.32,9273.19,9645.06
2020/6/23,9645.06,9785.68,9578.35,9629.89
2020/6/24,9629.89,9664.65,9199.48,9288.58
2020/6/25,9288.58,9320.76,8997.3,9275.81
2020/6/26,9275.81,9335.92,9034.22,9190.26
2020/6/27,9190.26,9204.33,8837.07,8946.51
2020/6/28,8946.51,9189.25,8936.99,9109.76
2020/6/29,9109.76,9193.98,9019.09,9180.36
2020/6/30,9180.36,9233.29,9065.55,9147.09
2020/7/1,9147.09,9297.79,9092.41,9239.05
2020/7/2,9239.05,9264.53,8947.98,9082.38
2020/7/3,9082.38,9155.83,9055.1,9092.7
2020/7/4,9092.7,9195.59,9042.65,9131.21
2020/7/5,9131.21,9145.95,8999.9,9013.96
2020/7/6,9013.96,9352.15,8917.78,9277.06
2020/7/7,9277.06,9378.64,9207,9254.79
2020/7/8,9254.79,9473.35,9231.1,9430.25
2020/7/9,9430.27,9471.65,9164.89,9237.04
2020/7/10,9237.04,9256.49,9124.3,9235.1
2020/7/11,9235.1,9316.49,9185.89,9217.05
2020/7/12,9217.05,9343.15,9162.91,9232.34
2020/7/13,9232.32,9344.98,9199.13,9249.8
2020/7/14,9249.8,9279.36,9110.42,9272.83
2020/7/15,9272.83,9277.66,9156.06,9213.7
2020/7/16,9213.7,9230.75,9037.29,9103.61
2020/7/17,9103.61,9182.82,9080.2,9157.69
2020/7/18,9157.69,9540.53,9125.16,9179.26
2020/7/19,9179.3,9187.82,9110.76,9171.94
2020/7/20,9171.94,9239.55,9137.38,9175.47
2020/7/21,9175.46,9438.31,9154.18,9376.53
2020/7/22,9376.53,9397.53,9284.92,9377.3
2020/7/23,9377.3,9676.86,9368.14,9593.77
2020/7/24,9593.78,9631.71,9477.03,9629.62
2020/7/25,9629.62,9746.25,9530.17,9729.45
2020/7/26,9729.45,10168.61,9662.25,9895.63
2020/7/27,9895.63,10944,9877.55,10891.81
2020/7/28,10891.81,11410.44,10586.25,10981.18
2020/7/29,10981.18,11298.29,10854.14,11222.15
2020/7/30,11222.15,11350.72,10845.74,11150.47
2020/7/31,11150.47,11455.41,10979.86,11345.63
2020/8/1,11345.65,11880.14,11239.56,11847.66
2020/8/2,11847.66,12111.98,10638.04,11090.63
2020/8/3,11090.63,11479.08,10949.68,11383.53
2020/8/4,11383.53,11419.65,11023.9,11214.45
2020/8/5,11214.45,11721.95,11100.19,11692.68
2020/8/6,11692.68,11909.07,11538.46,11851.58
2020/8/7,11851.58,11915.16,11348.72,11575.83
2020/8/8,11575.83,11815.38,11535.75,11716.3
2020/8/9,11716.3,11805.4,11532.05,11679.9
2020/8/10,11679.88,12078.97,11522.64,11859.27
2020/8/11,11859.27,11940.92,11136.41,11212.89
2020/8/12,11212.54,11621.48,11129.6,11565.95
2020/8/13,11565.95,11661.47,11279.2,11615.32
2020/8/14,11614.68,11864.13,11614.5,11770.13
2020/8/15,11770.13,11987.51,11690.41,11870.5
2020/8/16,11870.5,11983.13,11701.72,11849.5
2020/8/17,11849.5,12473.65,11775.05,12327.23
2020/8/18,12327.29,12411.01,11831.06,12030.11
2020/8/19,12030.11,12096.8,11585.86,11715.31
2020/8/20,11715.31,11890.97,11678.07,11863.08
2020/8/21,11863.09,11893.82,11613.25,11621.41
2020/8/22,11621.41,11652.85,11375.3,11608.04
2020/8/23,11608.04,11715.96,11530.05,11669.22
2020/8/24,11669.22,11828.48,11599.85,11731.2
2020/8/25,11731.2,11788.61,11121.98,11265.47
2020/8/26,11265.47,11542.23,11258.25,11513.5
2020/8/27,11513.5,11594.39,11131.6,11267.05
2020/8/28,11267.05,11550.57,11252.81,11502.58
2020/8/29,11502.58,11584.86,11428.71,11518.05
2020/8/30,11518.05,11686.13,11469.39,11640.79
2020/8/31,11640.79,11777.98,11581.45,11678.6
2020/9/1,11678.6,12061.54,11544.31,12022.35
2020/9/2,12022.35,12055.8,11187.82,11375.47
2020/9/3,11375.47,11473.3,10508.5,10785.86
2020/9/4,10785.86,10802.84,9924,10606.46
2020/9/5,10606.46,10639.02,9877.4,10086.94
2020/9/6,10086.94,10300.99,9962.72,10236.79
2020/9/7,10236.79,10353.58,9883.4,10154.11
2020/9/8,10154.29,10444.07,9928.44,10016.81
2020/9/9,10016.81,10350.92,9852.96,10259.62
2020/9/10,10259.62,10492.34,10184.42,10307.29
2020/9/11,10307.29,10387.47,10212.55,10329.82
2020/9/12,10329.82,10481.85,10279.57,10441.8
2020/9/13,10441.8,10580.64,10220.49,10318.18
2020/9/14,10318.18,10758.18,10255.67,10694.29
2020/9/15,10694.29,10940.82,10624.75,10867.34
2020/9/16,10867.34,11098.96,10671.59,10998.05
2020/9/17,10998.05,11046.3,10755.35,10937.41
2020/9/18,10937.41,11043.34,10821.86,10890.68
2020/9/19,10890.68,11178.28,10884.75,11093.84
2020/9/20,11094.09,11094.34,10768.96,10858
2020/9/21,10858,10995.58,10300.66,10479.79
2020/9/22,10479.76,10536.72,10363.92,10516.06
2020/9/23,10516.06,10574.8,10140.83,10224.14
2020/9/24,10224.14,10720.14,10198.53,10631.74
2020/9/25,10631.74,10796.86,10559.24,10717.46
2020/9/26,10717.69,10826.95,10660.17,10720.88
2020/9/27,10720.88,10805.73,10601.79,10725.25
2020/9/28,10725.25,10949.75,10708.84,10871.25
2020/9/29,10871.25,10890.22,10642.26,10756.95
2020/9/30,10756.95,10864,10665.55,10706.95
2020/10/1,10706.95,10926.56,10450.3,10606.06
2020/10/2,10606.06,10664.96,10387.18,10547.65
2020/10/3,10547.65,10604.1,10472.07,10572.62
2020/10/4,10572.62,10698.09,10527.6,10650.02
2020/10/5,10650.02,10779.38,10628.51,10741.28
2020/10/6,10741.28,10801.88,10530.4,10549.5
2020/10/7,10549.5,10681.96,10529.48,10661.08
2020/10/8,10661.08,10957.71,10541.52,10898.05
2020/10/9,10898.05,11110.29,10839.75,11041.96
2020/10/10,11041.96,11492.82,11027.62,11367.8
2020/10/11,11367.8,11444.16,11271.04,11332.36
2020/10/12,11332.36,11597.36,11208.06,11568.4
2020/10/13,11568.4,11726.83,11315.43,11434.88
2020/10/14,11434.88,11555.34,11297.02,11393.36
2020/10/15,11393.36,11616.81,11264.66,11545.26
2020/10/16,11545.26,11548.19,11216.33,11319.41
2020/10/17,11319.41,11410.17,11271.32,11354.91
2020/10/18,11354.91,11496.84,11339.11,11445.83
2020/10/19,11445.83,11835,11414.03,11735.13
2020/10/20,11735.13,12052.31,11686.97,11904.78
2020/10/21,11904.78,12915.2,11888.86,12855.5
2020/10/22,12855.5,13241.7,12698.03,13124.02
2020/10/23,13124.02,13200,12735.75,12942.9
2020/10/24,12942.9,13174.85,12886.86,13113.04
2020/10/25,13113.04,13356.2,12908.93,13036.88
2020/10/26,13036.88,13242.92,12791.5,13019.83
2020/10/27,13019.83,13756.56,13000.82,13620.54
2020/10/28,13620.54,13857.94,12907.9,13213.48
2020/10/29,13213.48,13647.43,12986.32,13486.71
2020/10/30,13486.71,13676.44,13132.74,13639.46
2020/10/31,13638.64,14087.04,13431.95,13850.1
2020/11/1,13850.1,13903.11,13633,13823.15
2020/11/2,13823.15,13840.93,13222.44,13619.76
2020/11/3,13619.76,13803.45,13298.75,13741.48
2020/11/4,13741.48,14265.06,13542.5,14008.75
2020/11/5,14008.75,15301.38,14008.75,15243.85
2020/11/6,15243.85,15966.49,15206.06,15553.32
2020/11/7,15553.32,15771.86,14375.72,14837
2020/11/8,14837,15656.21,14684.79,15342.02
2020/11/9,15342.01,15848.6,14831.21,15387.48
2020/11/10,15387.4,15477.98,15098.25,15389.01
2020/11/11,15389.01,15989.96,15291.46,15831.57
2020/11/12,15831.57,16215.15,15478.5,16159.74
2020/11/13,16159.74,16491.65,15975.94,16294.47
2020/11/14,16294.47,16374.53,15728.34,16008.29
2020/11/15,16008.29,16172.4,15824.29,15857.79
2020/11/16,15857.79,16889.01,15798.63,16704.72
2020/11/17,16704.72,17864.79,16573.93,17639.21
2020/11/18,17639.21,18479.75,17257.07,17786.57
2020/11/19,17786.57,18180.41,17359.99,17946.04
2020/11/20,17946.04,18821.7,17723.36,18589.49
2020/11/21,18589.49,18976.33,18355.38,18670.93
2020/11/22,18670.93,18764.8,17625.56,18597.77
2020/11/23,18597.77,18777.32,18007.23,18422.02
2020/11/24,18422.02,19438.67,18067.32,18944.86
2020/11/25,18944.25,19504.5,18641.61,18880.69
2020/11/26,18880.88,18927.33,16226.96,17055.5
2020/11/27,17054.5,17465.31,16451.41,17005.85
2020/11/28,17005.85,17893.89,16879.18,17763.11
2020/11/29,17763.3,18349.68,17538.53,18270.66
2020/11/30,18270.66,19857.03,18087.3,19378.61
2020/12/1,19379.25,19914.33,18157.38,19055.69
2020/12/2,19055.69,19338.33,18345.65,19156.67
2020/12/3,19156.67,19614.08,18889.2,19462.14
2020/12/4,19462.14,19555.44,18709.29,18825.45
2020/12/5,18825.45,19183.47,18515.22,19020.64
2020/12/6,19020.64,19345.69,18890.15,19248.35
2020/12/7,19248.35,19429.48,18911.43,19084.67
2020/12/8,19084.67,19298.23,18623.13,18773.5
2020/12/9,18773.5,18834.5,17644.39,18520.56
2020/12/10,18520.31,18643.57,17914.56,18349.98
2020/12/11,18349.98,18397.9,17589.25,18101.38
2020/12/12,18101.38,18849.5,18028.02,18800.18
2020/12/13,18800.18,19416.29,18725.48,19178.3
2020/12/14,19178.3,19338.03,18984.08,19199.17
2020/12/15,19199.17,19562.34,19054.8,19424.24
2020/12/16,19426.2,21295,19300.69,21206.36
2020/12/17,21206.14,23720.4,21205.83,22779.13
2020/12/18,22779.13,23282.74,22363.54,22901.2
2020/12/19,22901.2,24137.63,22787.41,23992.92
2020/12/20,23992.92,24291.38,23105.11,23385.77
2020/12/21,23386.26,24118.48,21966.16,23142.45
2020/12/22,23142.45,23615.11,22390.03,23437.95
2020/12/23,23437.95,24081.68,22816.64,23297.72
2020/12/24,23297.54,23550.76,22658.01,23405.27
2020/12/25,23405.27,24656.31,23379.83,24411.43
2020/12/26,24411.43,26798.91,24361.91,26670.1
2020/12/27,26670.1,28365.06,25795,26385.71
2020/12/28,26385.71,27468.07,26088.78,26599.22
2020/12/29,26599.22,27186.14,25852.63,26895.14
2020/12/30,26894.99,28992.19,26894.99,28904.39
2020/12/31,28904.39,29292.47,27971.04,28996.28
2021/1/1,28996.28,29674.24,28719.54,29250.59
2021/1/2,29250.59,33277.75,29037.46,31702.36
2021/1/3,31702.36,34792.47,31456.34,33591.73
2021/1/4,33591.73,33665.47,28019.06,31037.38
2021/1/5,31037.38,34275.13,29942.94,33792.24
2021/1/6,33792.24,36499.88,33373.72,35939.27
2021/1/7,35939.27,40394.88,35787.72,39733
2021/1/8,39733,41981.76,36644.59,40040.7
2021/1/9,40040.7,41406.18,38798.56,40858.59
2021/1/10,40858.34,41440.38,34972.81,38048.82
2021/1/11,38048.82,39025.91,30324,33964.38
2021/1/12,33964.39,36610.11,32523.12,34712.73
2021/1/13,34712.73,37400.06,32359.2,37283.48
2021/1/14,37283.48,40094.81,36765.23,38765.5
2021/1/15,38765.5,39690.45,34409.04,36261.52
2021/1/16,36261.72,37941.65,35552,35935.02
2021/1/17,35935.02,36844.91,33859.81,36533.95
2021/1/18,36533.95,37417.4,34790.56,36234.13
2021/1/19,36234.13,37854.38,36094,36489.64
2021/1/20,36489.64,36792.11,33412.72,34913.07
2021/1/21,34913.07,35675.23,30986.71,31217
2021/1/22,31217,33856.64,28817.89,33322.33
2021/1/23,33322.33,33633.21,31441.92,32366.47
2021/1/24,32366.53,33074.02,30970.71,31932.47
2021/1/25,31932.86,34882.55,31694.76,32701.29
2021/1/26,32701.54,32825.83,30854.15,32017.04
2021/1/27,32016.29,32930.66,29241.49,31005.85
2021/1/28,31005.85,33327.16,29904.18,33248.02
2021/1/29,33248.02,38627.38,31997.55,34641.09
2021/1/30,34641.3,35348.41,32859.02,34694.89
2021/1/31,34694.89,34804.22,32214.65,32601.26
2021/2/1,32601.26,34699.56,32338.3,33664.82
2021/2/2,33664.82,36002.09,33456.2,35687.9
2021/2/3,35687.9,37449.73,35408.34,37294.95
2021/2/4,37295.2,38744.06,36211.68,37681.13
2021/2/5,37681.13,38346.61,36626.11,37858.84
2021/2/6,37858.84,40990.52,37713.65,40093.11
2021/2/7,40093.11,40505.54,37408.4,38590.04
2021/2/8,38590.04,44807.01,38065.02,44691.74
2021/2/9,44688.74,48215.83,44316.2,47335.77
2021/2/10,47335.24,47348.97,43764.47,45039.51
2021/2/11,45039.7,48663.06,44042.01,46931.97
2021/2/12,46931.97,48929.36,46290.27,47947.17
2021/2/13,47947.17,48201.04,46291.58,47177.95
2021/2/14,47178.7,49694.24,46929.53,48865.24
2021/2/15,48865.35,49317.86,45893.35,48203.45
2021/2/16,48203.45,50547.71,47070.86,48585.51
2021/2/17,48585.51,52631.92,48527.79,52400.42
2021/2/18,52400.42,52545.61,50889.44,52037.53
2021/2/19,52037.53,56332.89,50765.49,55629.08
2021/2/20,55628.96,57527.39,55063.01,56537.03
2021/2/21,56537.62,58350.41,54031.58,57355.29
2021/2/22,57354.79,57659.35,47873.13,54938.64
2021/2/23,54938.64,55017.68,45000.27,47962.92
2021/2/24,47961.72,51415.15,47028.15,48758.53
2021/2/25,48758.53,52075.4,48054.26,48083.51
2021/2/26,48083.51,48835.53,44159.24,45672.06
2021/2/27,45672.06,48352.43,45088.02,46864.06
2021/2/28,46864.06,46864.06,43061.56,45248.24
2021/3/1,45248.24,49504.61,44897.81,48856.4
2021/3/2,48856.4,50235.99,47098.63,47451.1
2021/3/3,47451.1,52622.92,47401.01,50952.74
2021/3/4,50952.74,51794.04,47505.51,47918.88
2021/3/5,47918.88,49462.47,46309.9,49053.13
2021/3/6,49053.13,49391.85,47103.04,48602.01
2021/3/7,48602.12,51346.03,48509.71,50107.87
2021/3/8,50107.87,51987.06,49344.7,51878.94
2021/3/9,51878.94,54819.86,51438.56,54320.06
2021/3/10,54320.06,57365.49,53045.06,56931.78
2021/3/11,56931.78,57916.27,54304.15,57624.02
2021/3/12,57625.02,58138.82,55065.89,56965.96
2021/3/13,56965.96,61742.41,56111.02,61078.03
2021/3/14,61078.67,61669.89,59304.68,60273.94
2021/3/15,60273.44,60733.15,54733.54,56414.61
2021/3/16,56415.31,56947.91,53288.81,56388.15
2021/3/17,56388.15,58303.57,54158.83,57751.66
2021/3/18,57751.66,60084.78,57031.5,57501.51
2021/3/19,57501.51,59453.53,56297.4,58410.01
2021/3/20,58410.01,59879.35,57845.88,58541.76
2021/3/21,58539.76,58813.36,55545.27,57813.39
2021/3/22,57813.39,58430.54,54247.39,54554.83
2021/3/23,54556.67,55848.65,53000.08,54447.56
2021/3/24,54447.55,57204.88,53213.76,54050.57
2021/3/25,54050.57,54220.99,50440.17,52001.01
2021/3/26,52001.01,54288.89,51263.33,54002.49
2021/3/27,54002.49,56260.51,53997.78,55887.89
2021/3/28,55887.89,56618.51,54706.04,54845.71
2021/3/29,54845.71,58393.84,54816.53,57234.35
2021/3/30,57232.99,59388.52,57053.73,58673.67
2021/3/31,58673.67,59807.36,56886.38,58960.2
2021/4/1,58960.32,59474.6,57950.69,58859.78
2021/4/2,58859.78,60100.5,58472.01,58674.76
2021/4/3,58674.76,59786.5,57816.67,58064.8
2021/4/4,58064.8,58498.01,56495.03,58044.39
2021/4/5,58044.39,59251.92,56844.81,58799.14
2021/4/6,58799.14,59470.89,57390.86,58243.87
2021/4/7,58243.87,58650.78,55476.85,56227.64
2021/4/8,56227.64,58149.29,55737.01,57679.16
2021/4/9,57679.16,58878.41,57460.89,58333.6
2021/4/10,58333.6,61208.11,57870.14,58568.57
2021/4/11,58569.3,60669.86,58480.18,59674.92
2021/4/12,59674.92,61229.19,59411.69,59977.92
2021/4/13,59979.82,63728.21,59766.87,63193.56
2021/4/14,63193.56,64869.78,61336.51,62384.19
2021/4/15,62386.74,63645.76,62049.08,63410.29
2021/4/16,63410.29,63833.56,60062.71,62005.42
2021/4/17,62005.42,62577.39,59701.94,60870.13
2021/4/18,60872.49,61005.91,51707.51,56291.89
2021/4/19,56291.89,57602.88,54307.07,56210.89
2021/4/20,56210.89,57097.63,53426.81,56800.5
2021/4/21,56800.5,57102.04,54341.38,54996.31
2021/4/22,54996.31,55471.05,51488.85,51593.44
2021/4/23,51592.13,52228.64,47525.13,50567.72
2021/4/24,50567.72,51214.78,48747.15,50984.81
2021/4/25,50982.83,51052.88,48000.63,48122.24
2021/4/26,48115.56,54394.64,47078.54,53262.87
2021/4/27,53262.87,55364.67,52653.98,55192.62
2021/4/28,55192.62,56461.49,53891.83,54438.68
2021/4/29,54438.68,55220.47,52391.49,52990.9
2021/4/30,52991.35,57400.65,52829.77,56814.44
2021/5/1,56814.44,58518.83,56730.1,57725.77
2021/5/2,57725.77,57995.78,56095.62,57042.24
2021/5/3,57042.24,58975.45,56273.52,56811.66
2021/5/4,56811.66,57507.49,53286.53,54770.39
2021/5/5,54770.39,57949.89,52956.53,56895.44
2021/5/6,56895.44,58402.89,55304.86,55955.47
2021/5/7,55956.97,58712.37,55306.01,57684.39
2021/5/8,57684.39,59531.91,56822.49,59004.37
2021/5/9,59004.37,59270.51,56289.83,57931.38
2021/5/10,57930.76,59587.71,53733.2,55308.81
2021/5/11,55307.52,56940.54,54527.14,56911.32
2021/5/12,56911.32,58007.71,53566.14,54482.81
2021/5/13,54487.88,54800.81,46045.1,49312.81
2021/5/14,49312.81,51546.4,48460.79,49193.56
2021/5/15,49192.96,50712.38,46970.11,48242.61
2021/5/16,48242.61,49792.01,43874.51,44098.92
2021/5/17,44089.77,46644.92,42133.2,44816.08
2021/5/18,44816.08,45840.43,42429.88,43294.36
2021/5/19,43294.36,43575.49,30016.82,38336.11
2021/5/20,38336.11,42540.97,35000.05,40078.49
2021/5/21,40078.49,42269.45,35212.31,35251.36
2021/5/22,35251.36,38856.04,33550.15,38084.88
2021/5/23,38084.86,38394.34,31132.75,33700.55
2021/5/24,33700.55,39944.65,33673.57,39024.16
2021/5/25,39024.16,39851.06,36494.27,37646.5
2021/5/26,37646.5,40866.99,37477.54,38774.5
2021/5/27,38774.49,40411.88,37214.47,38495.29
2021/5/28,38495.29,39196.16,35147.33,35218.36
2021/5/29,35219.16,37302.29,33662.82,34269.86
2021/5/30,34270.02,36483.54,33440.93,36081.09
2021/5/31,36081.34,37481.57,34204.45,36690.89
2021/6/1,36690.89,37913.86,35722.33,36322.98
2021/6/2,36322.98,38232.27,35934.52,37745.13
2021/6/3,37745.13,39484.4,37215.4,38705.27
2021/6/4,38705.27,39273.65,35601.54,37056.79
2021/6/5,37056.79,37922.24,35324.04,35854.31
2021/6/6,35854.31,36467.2,34847.82,35978.7
2021/6/7,35978.89,36796.84,34052.7,34457.74
2021/6/8,34457.89,34642.52,31036.14,33629.96
2021/6/9,33629.81,36932.81,32431.28,36408.39
2021/6/10,36408.39,38407.38,35830.04,36494.56
2021/6/11,36494.56,37669.81,35976.27,37152.15
2021/6/12,37152.15,37490.77,34649.93,36020.18
2021/6/13,36020.18,39371.93,34798.48,39260.32
2021/6/14,39263.24,41020.31,38711.11,39831.58
2021/6/15,39831.58,41307.15,39566.45,39948.77
2021/6/16,39948.77,40487.47,38326.82,38532.5
2021/6/17,38532.5,39541.83,37392.49,37747.52
2021/6/18,37747.52,38205.82,35162.23,35517.31
2021/6/19,35517.31,36448.88,34869.41,36119.11
2021/6/20,36119.11,36167.43,33362.74,35823.29
2021/6/21,35823.29,35896.63,31735.05,32582.59
2021/6/22,32582.59,33309.09,28824.32,32903.52
2021/6/23,32904.02,34821.52,31746.84,33059.18
2021/6/24,33059.18,35261.2,32344.5,34859.9
2021/6/25,34859.9,35498.06,31506.41,32215.31
2021/6/26,32214.53,32428.02,30172.82,31305.79
2021/6/27,31305.79,33577.68,30930.99,32635.76
2021/6/28,32635.78,35292.27,32470.22,34677.77
2021/6/29,34677.77,36619.77,34134.07,36168.2
2021/6/30,36168.2,36317.73,34060.95,34585
2021/7/1,34585,35211.38,32730.98,33422
2021/7/2,33422,33970.59,32716.4,33142.64
2021/7/3,33142.64,34942.29,33107.06,34728.55
2021/7/4,34728.55,35683.16,34283.16,35547.25
2021/7/5,35547.25,35952.27,33152.95,33855.36
2021/7/6,33855.36,35093.56,33542.15,33957.11
2021/7/7,33957.13,35065.36,33649.61,34544.86
2021/7/8,34544.86,34545.3,32115.12,32815.73
2021/7/9,32815.73,33690.27,32280.05,33522.57
2021/7/10,33522.57,34260.11,33043.45,33332.25
2021/7/11,33332.25,34105.98,33286.61,33854.3
2021/7/12,33854.3,34666.38,32656.98,32849.59
2021/7/13,32849.59,33333.98,32199.13,32508.34
2021/7/14,32508.09,33099.23,31599.58,32813.83
2021/7/15,32813.83,33186.73,31146.75,31758.37
2021/7/16,31758.91,32253.52,31034.61,31842.51
2021/7/17,31842.51,31946.64,31186.37,31737.26
2021/7/18,31737.26,32438.25,31140.05,31652.45
2021/7/19,31652.45,31928.64,30440.29,30776.39
2021/7/20,30776.39,31053.08,29307.88,29865.53
2021/7/21,29865.53,32819.68,29498,31818.67
2021/7/22,31818.62,32607.78,31703.1,32247.75
2021/7/23,32247.75,32923.4,32021.23,32500.7
2021/7/24,32500.7,34518.72,32474.42,33939.65
2021/7/25,33939,34829.52,33840.27,34483.2
2021/7/26,34482.88,40545.11,34452.95,37751.68
2021/7/27,37751.25,38776.91,36416.04,38044.5
2021/7/28,38044.61,40907.27,37972.2,39985.95
2021/7/29,39971.81,40641.92,39281.38,39722.08
2021/7/30,39722.08,41597.52,38350.11,40689.27
2021/7/31,40689.27,42389.83,40667.61,41540.22
2021/8/1,41540.56,42605.97,40635.13,41268.06
2021/8/2,41268.17,41320.42,38696.02,38856.63
2021/8/3,38856.13,39785.95,37659.63,38072.95
2021/8/4,38073.29,39856.99,37523.93,39754.38
2021/8/5,39754.34,41390.56,37326.47,40899.36
2021/8/6,40899.36,43372.97,39896,42719.51
2021/8/7,42719.51,44580.51,42426.4,43975.95
2021/8/8,43975.95,45328.45,43305.1,43867.4
2021/8/9,43867.9,46483.72,42826.13,45464.51
2021/8/10,45464.51,47030.81,44660.02,45642.9
2021/8/11,45642.9,46768.68,45248.13,46345.49
2021/8/12,46345.49,46395.31,43811.51,44480.11
2021/8/13,44480.11,47891.26,43902.08,47609.88
2021/8/14,47609.76,48152.13,46039.7,46666.78
2021/8/15,46667.03,47385.74,45534.83,46718.33
2021/8/16,46718.33,48058.56,45682.38,46078.11
2021/8/17,46076.47,47161.35,44542.33,44992.1
2021/8/18,44992.1,46025.56,44238.47,44546.67
2021/8/19,44546.67,46878.88,43984.1,46587.99
2021/8/20,46587.99,49110.51,46372.81,48668.03
2021/8/21,48668.03,49802.96,48306.54,49011.76
2021/8/22,49011.76,49486.58,48099.93,48414.22
2021/8/23,48414.22,50512.38,48291.53,49515.08
2021/8/24,49515.33,49863.93,47770.87,48345.65
2021/8/25,48345.65,49166.46,47140.19,48712.63
2021/8/26,48714.12,49358.65,46322.7,47036.43
2021/8/27,47036.43,49168.38,46368.35,48921.81
2021/8/28,48921.81,49311.62,48392.72,48755.08
2021/8/29,48755.08,49655.67,47823.72,48925.24
2021/8/30,48925.24,49408.27,47412.08,48648.9
2021/8/31,48648.9,48679.81,46714.26,47008.53
2021/9/1,47008.53,49107.95,46546.69,48272.51
2021/9/2,48272.51,50373.56,48265.02,49562.1
2021/9/3,49562.02,51033.97,48363.88,50152.52
2021/9/4,50152.1,50554.26,49424.13,50182.7
2021/9/5,50182.7,51715.8,49511.6,51668.21
2021/9/6,51668.21,52213.58,51035.06,51934.74
2021/9/7,51934.74,52921.08,43050.17,46819.01
2021/9/8,46819.01,47367.88,44467.76,46060.72
2021/9/9,46060.72,47391.49,45549.74,46256.1
2021/9/10,46256.1,47030.81,44760.72,45077.81
2021/9/11,45077.81,45986.76,44161.26,45319.68
2021/9/12,45319.68,46259.35,44761.29,45089.47
2021/9/13,45089.47,46875.47,43445.85,45187.52
2021/9/14,45187.52,46965.56,44718.42,46828.18
2021/9/15,46827.65,48452.24,46411.63,47941.58
2021/9/16,47941.58,48493.18,47054.06,47149.38
2021/9/17,47149.54,48172.06,46768.85,46990.35
2021/9/18,46990.35,48798.72,46805.13,47994.88
2021/9/19,47994.88,48374.68,47109.61,47601.08
2021/9/20,47602.35,47665.65,42522.51,43537.86
2021/9/21,43537.86,43919.27,40236.9,40926.74
2021/9/22,40926.74,44014.95,39624.75,43451.15
2021/9/23,43451.15,44939.85,43052.63,44710.2
2021/9/24,44710.13,45155.36,40735.08,42981.54
2021/9/25,42981.54,43228.38,41700.75,42678.81
2021/9/26,42678.81,43746.38,40815.52,43651.76
2021/9/27,43651.76,44350.79,42619.58,42706.99
2021/9/28,42706.99,43416.83,41124.15,41785.9
2021/9/29,41785.9,42579.95,40787.68,41125.06
2021/9/30,41125.06,44109.63,40965.33,43436.35
2021/10/1,43436.58,48183.26,43295.17,48132.9
2021/10/2,48130.44,48476.01,47461.87,48019.13
2021/10/3,48019.13,49217.61,47129.99,48464.31
2021/10/4,48466.2,49496.71,46933.95,49006.15
2021/10/5,49006.15,51781.9,48585.51,51474.19
2021/10/6,51474.19,55422.9,50426.81,54936.9
2021/10/7,54936.4,55749.65,53412.85,54184.24
2021/10/8,54184.49,56086.82,53657.87,53993.31
2021/10/9,53993.31,55475.31,53703.99,54670.87
2021/10/10,54669.46,56493.46,54128.15,55435.21
2021/10/11,55435.21,57829.28,54396.94,57341.5
2021/10/12,57341.5,57657.14,53964.57,55362.51
2021/10/13,55362.58,57482.06,54267.21,56982.87
2021/10/14,56982.87,58511.43,56862.37,57443.04
2021/10/15,57443.04,62875.14,56889.01,62526.67
2021/10/16,62526.67,62541.51,60159.38,61014.11
2021/10/17,61015.11,61439.33,59005.78,59400.14
2021/10/18,59400.2,62667.51,59309.89,61367.44
2021/10/19,61367.75,64342.46,61133.23,64121.31
2021/10/20,64121.31,66976.03,63536.36,65996.35
2021/10/21,65995.41,66639.91,62076.25,62680.43
2021/10/22,62680.47,63728.24,60011.51,60726.01
2021/10/23,60724.9,61729.08,59665.99,61124.51
2021/10/24,61124.51,61486.24,59526.93,61159.77
2021/10/25,61159.77,63706.22,60658.48,62544.64
2021/10/26,62544.65,63279.85,61811.3,62096.9
2021/10/27,62096.9,62106.56,58132.68,58924.76
2021/10/28,58920.07,62440.64,57976.82,61395.58
2021/10/29,61395.58,62963.6,60202.94,62395.66
2021/10/30,62397.04,62510.81,60768.13,61682.78
2021/10/31,61682.74,62418.37,60018.89,60975.98
2021/11/1,60975.98,62475.33,59517.51,60727.52
2021/11/2,60727.55,64292.5,60457.86,63141.03
2021/11/3,63141.97,63550.53,60398.7,62776.06
2021/11/4,62776.06,63239.65,60743.64,61365.05
2021/11/5,61365.05,62612.59,60787.82,60976.2
2021/11/6,60976.2,61593.06,60127.5,61201.83
2021/11/7,61201.83,63102.8,61198.93,62884.45
2021/11/8,62884.45,66539.01,62809.99,66138.54
2021/11/9,66138.59,68513.2,66112.28,67734.04
2021/11/10,67733.23,68991.85,62944.91,64293.61
2021/11/11,64292.03,65595.8,63922.7,65069.89
2021/11/12,65069.54,65467.14,62311.05,64100.68
2021/11/13,64099.97,64963.83,63404.82,64367.64
2021/11/14,64367.64,65318.59,63601.13,64336.55
2021/11/15,64336.55,66337.9,63421.03,63899.88
2021/11/16,63899.38,64027.71,58661.07,60488.5
2021/11/17,60488.5,61153.28,58437,60117.19
2021/11/18,60117.2,60964.46,56652.54,57595.39
2021/11/19,57594.69,58387.69,55663.16,57869.63
2021/11/20,57869.63,59694.1,57443.94,59651.08
2021/11/21,59651.08,60055.34,58562.1,59541.76
2021/11/22,59541.76,59577.88,55664.19,56278.01
2021/11/23,56278.01,57874.02,55443.82,57709.14
2021/11/24,57709.2,57753.99,55908.58,57331.67
2021/11/25,57331.97,59434.24,56886.33,58855.15
2021/11/26,58855.15,59345.47,53552.26,54019.74
2021/11/27,54020.9,55314.74,53569.39,54625.03
2021/11/28,54622.65,56426.62,53350.33,56341.89
2021/11/29,56341.89,58893.29,56089.33,58316.89
2021/11/30,58316.89,59227.2,55939.17,57138.67
2021/12/1,57138.67,59095.59,56499.74,57029.49
2021/12/2,57029.08,57406.96,55855.14,56903.45
2021/12/3,56903.45,57654,51765.93,53655.27
2021/12/4,53655.27,53876.9,42296.38,48765.22
2021/12/5,48765.22,49759.83,47844.63,49229.81
2021/12/6,49229.81,50580.43,47243.1,50120.56
2021/12/7,50119.67,51970.69,50119.67,50527.72
2021/12/8,50527.72,51235.08,48685.01,50635.11
2021/12/9,50634.61,50852.24,47343.61,47997.76
2021/12/10,47997.4,50101.26,47302.28,47952.18
2021/12/11,47952.18,49296.13,46798.04,48813.56
2021/12/12,48812.65,50796.8,48681.12,49965.29
2021/12/13,49965.29,50388.92,45773.38,46828.95
2021/12/14,46828.65,48672.31,46315.99,48310.62
2021/12/15,48310.62,49504.47,46572.03,49192.58
2021/12/16,49191.81,49455.78,47679.15,48111.68
2021/12/17,48111.69,48173.85,45490.63,46873.03
2021/12/18,46873.38,47346.44,45534.33,46971.17
2021/12/19,46971.17,48289.04,46456.79,46741.79
2021/12/20,46741.79,47566.01,45583.88,46987.56
2021/12/21,46987.56,49331.54,46665.56,49106.42
2021/12/22,49106.42,49581.01,48457.88,49073.95
2021/12/23,49073.95,51385.08,48067.13,50849.2
2021/12/24,50849.2,51854.49,50459.47,50908.79
2021/12/25,50907.96,51157.97,50204.86,50986.51
2021/12/26,50986.51,51046.58,49479.06,50808.21
2021/12/27,50808.21,52071.27,50477.28,50989.1
2021/12/28,50990.37,51237.01,47321.08,47561.31
2021/12/29,47561.38,48146.38,46613.77,47232.15
2021/12/30,47232.15,47913.19,45965.83,47298.35
2021/12/31,47298.35,48573.63,45658.08,46333.65
2022/1/1,46334.15,47936.38,46147.4,47333.2
2022/1/2,47333.19,47981.37,46684.7,47028.52
2022/1/3,47028.52,47575.22,45715.97,45997.26
2022/1/4,45997.26,47519.65,45569.51,46220.42
2022/1/5,46220.42,47062.38,43451.74,43603.88
2022/1/6,43603.88,43775.35,42439.83,43120.88
2022/1/7,43120.88,43233.63,40634.65,41881.75
2022/1/8,41881.5,42228.27,40539.29,41788.38
2022/1/9,41788.38,42791.38,41240.5,42315.13
2022/1/10,42314.51,42496.43,39663.18,41729.31
2022/1/11,41729.31,43124.22,41287.06,42687.27
2022/1/12,42687.27,44319.4,42474.15,43793.81
2022/1/13,43793.81,44437.38,42336.88,42828.59
2022/1/14,42830.02,43463.15,41787,43321.7
2022/1/15,43322.54,43810.54,42584.97,43333.72
2022/1/16,43334.35,43485.27,42615.02,42982.4
2022/1/17,42982.4,43285.83,41630.2,41743.99
2022/1/18,41743.99,42492.06,41297.4,42395.22
2022/1/19,42395.22,42677.4,41161.67,41724.22
2022/1/20,41724.22,43506.06,41322.95,41326.77
2022/1/21,41326.77,41529.88,36179.82,36692.38
2022/1/22,36692.59,37150.54,34042.77,35402.77
2022/1/23,35402.77,36154.73,34638.05,35364.47
2022/1/24,35364.29,37548.93,32970.43,36828.36
2022/1/25,36828.36,37555.72,35721.07,36579.75
2022/1/26,36579.75,38927.31,36351.84,36356.7
2022/1/27,36356.52,37213.06,35542.29,36198.95
2022/1/28,36198.95,38007.57,35918.88,37807.95
2022/1/29,37807.95,38729.41,37350.9,38388.74
2022/1/30,38388.74,38429.77,37383.65,37754.4
2022/1/31,37754.86,38747.88,36676.18,38437.84
2022/2/1,38437.84,39267.81,38034.97,38813.82
2022/2/2,38814.77,38910.22,36632.47,36936.93
2022/2/3,36936.04,37221.27,36275.47,36964.58
2022/2/4,36964.88,40904.92,36829.2,40647.25
2022/2/5,40647.25,41954.51,40409.93,41673.4
2022/2/6,41673.4,42165.54,41154.24,41687.25
2022/2/7,41687.25,44511.95,41535.33,44102.99
2022/2/8,44102.99,45489.65,42708.17,44230.11
2022/2/9,44230.11,44846.61,43173.49,44497.51
2022/2/10,44497.51,45838.97,43231.99,43776.42
2022/2/11,43776.4,44109.18,42077.61,42563.24
2022/2/12,42563.24,43029.42,41776.9,41899.77
2022/2/13,41899.77,42766.9,41866.65,42228.76
2022/2/14,42228.76,42844.63,41582.06,42249.01
2022/2/15,42249.01,44530.45,42249.01,43999.15
2022/2/16,43999.15,44774.44,43356.29,44092.86
2022/2/17,44093.31,44195.86,40100.49,40699.63
2022/2/18,40699.47,40977.77,39480.77,39991.9
2022/2/19,39991.9,40464.65,39668.91,39942.63
2022/2/20,39942.83,40153.65,38030.95,38252.4
2022/2/21,38252.4,39483.91,37015.74,37076.09
2022/2/22,37076.84,38318.99,36372.27,37893.47
2022/2/23,37894.04,39264.25,37421.38,37543.5
2022/2/24,37543.5,39693.75,34337.47,38414.95
2022/2/25,38414.95,39699.84,37783.75,38994.5
2022/2/26,38994.5,40273.27,38606.93,39480.74
2022/2/27,39480.72,39854.36,37028.66,37435.48
2022/2/28,37435.52,41946.15,37372.9,41654.97
2022/3/1,41654.97,44964.9,41648.74,43900.24
2022/3/2,43900.24,45302.4,43358.52,44090.72
2022/3/3,44089.86,44369.06,41847.54,42096.97
2022/3/4,42097.15,42704.43,39083.97,39393.7
2022/3/5,39393.95,39608.93,38590.49,39380.38
2022/3/6,39380.38,39684.13,38120.88,39030.04
2022/3/7,39029.82,39539.74,37174.29,37839.36
2022/3/8,37839.36,39369.81,37793.02,38506.43
2022/3/9,38506.43,42581.95,38487.49,41893.74
2022/3/10,41893.74,42139.67,38582.88,39329.95
2022/3/11,39329.95,40241,38248,38860.7
2022/3/12,38860.61,39416.13,38671.11,39102.38
2022/3/13,39102.02,39315.97,38400.41,38687.43
2022/3/14,38687.41,39302.2,37582.41,38725.24
2022/3/15,38725.18,39904.2,38160.43,39441.9
2022/3/16,39441.66,41691.36,38886.74,41258.79
2022/3/17,41260.79,41465.43,40541.38,40724.56
2022/3/18,40723.68,42351.92,40185.66,41755.9
2022/3/19,41755.92,42391.15,41541.84,42219.42
2022/3/20,42219.42,42376.77,40937.58,41308.02
2022/3/21,41307.74,41553.43,40534.9,41136.88
2022/3/22,41136.72,43325.99,40897.13,42606.24
2022/3/23,42606.24,42883.49,41782.81,42368.58
2022/3/24,42368.58,44235.79,42265.63,43895.65
2022/3/25,43895.54,45118.08,43621.63,44577.76
2022/3/26,44577.76,44805.52,44112.51,44590.9
2022/3/27,44591.24,46583.54,44285.97,46111.06
2022/3/28,46111.06,48215.74,45861.76,47967.56
2022/3/29,47967.03,48121.99,46908.36,47486.26
2022/3/30,47486.26,47704.2,46587.65,47277.24
2022/3/31,47277.04,47609.92,45536.9,45767.58
2022/4/1,45767.58,46715.2,44252.4,46168.58
2022/4/2,46168.85,47202.53,45658.54,46196.63
2022/4/3,46196.74,46774.17,45561.79,46387.63
2022/4/4,46387.63,47438.45,45146.36,46311.76
2022/4/5,46311.76,47181.9,45491.27,45868.99
2022/4/6,45870.49,46047.78,43210.29,43885.38
2022/4/7,43885.24,43999.18,42760.04,43577.22
2022/4/8,43577.22,43979.06,42442.74,42815.77
2022/4/9,42815.29,42867.43,42122.56,42447.77
2022/4/10,42447.79,43428.27,42415.15,43125.15
2022/4/11,43125.61,43210.26,39515.79,39846.47
2022/4/12,39846.47,40682.17,39235.34,39534.08
2022/4/13,39534.09,41538.83,39504.13,41254.52
2022/4/14,41254.56,41499.79,39582.49,39915.93
2022/4/15,39915.93,40823.17,39785.06,40404.52
2022/4/16,40404.29,40696.42,40018.95,40294.88
2022/4/17,40294.88,40685.84,39876.84,40273.09
2022/4/18,40273.09,40995.13,38579.59,40673.67
2022/4/19,40673.84,41750,40586.95,41297.9
2022/4/20,41297.9,42203.68,40916.7,41430.79
2022/4/21,41430.79,42969.83,40564.25,40615.45
2022/4/22,40615.45,40845.24,39194.79,39621.31
2022/4/23,39621.31,39973.25,39305.34,39808.74
2022/4/24,39808.74,39954.18,39010.02,39515.9
2022/4/25,39515.91,40362.31,38223.59,40186.18
2022/4/26,40186.06,40784.38,37721.43,38123.52
2022/4/27,38123.63,39464.02,37730.34,39106.93
2022/4/28,39106.93,40366.79,38888.95,39889.27
2022/4/29,39889.27,39987.18,38183.84,38560.04
2022/4/30,38559.24,38784.68,38169.74,38334.7
2022/5/1,38334.08,38666.2,37426.18,38320.24
2022/5/2,38316.52,39154.86,38061.04,38312.41
2022/5/3,38312.41,38888.27,37525.31,37784.82
2022/5/4,37784,40007.38,37626.38,39800.33
2022/5/5,39800.33,39876.72,35611.81,36456.02
2022/5/6,36456,36653.75,35276.02,36077.29
2022/5/7,36077.18,36120.43,35718.63,35768.23
2022/5/8,35768.23,35799,33735.16,34225.04
2022/5/9,34225.04,34464.97,30339.49,30959.3
2022/5/10,30959.37,32635.94,29764.14,31000.83
2022/5/11,31000.83,32128.93,28190.22,28402.78
2022/5/12,28403.78,30072.04,25424.51,28546.25
2022/5/13,28546.25,30971.39,27956.5,29760.13
2022/5/14,29760.13,30082.77,28603.29,29341.75
2022/5/15,29341.75,31093.42,29331.21,31019.19
2022/5/16,31019.2,31400.33,29072.88,29908.75
2022/5/17,29908.75,30737.95,29431.02,30077.8
2022/5/18,30077.8,30669.33,28707.77,29205.89
2022/5/19,29205.89,30499.5,28616.03,30231.08
2022/5/20,30231.08,30722.89,28705.84,29117.13
2022/5/21,29117,29610.39,28927.58,29391.93
2022/5/22,29391.93,30262.48,29225.04,29907.98
2022/5/23,29907.98,30626.85,29017.28,29314.55
2022/5/24,29314.55,29596.2,28646.85,29438.3
2022/5/25,29438.3,30183.12,29320.2,29764.46
2022/5/26,29764.46,29848.06,28007.57,29437.55
2022/5/27,29437.55,29647.45,28256.26,28728.9
2022/5/28,28728.9,29224.88,28502.9,28999.04
2022/5/29,28999.04,29436.88,28816.08,29160.07
2022/5/30,29160.54,31388.69,29143.48,31257.74
2022/5/31,31257.74,32359.03,31202.66,31788.28
2022/6/1,31788.28,31956.57,29312.86,29621.61
2022/6/2,29620.32,30372.96,29494.23,30225.18
2022/6/3,30225.18,30670.31,29269.26,29640.5
2022/6/4,29640.5,29951.6,29465.51,29733.76
2022/6/5,29733.76,30144.36,29522.19,29925.66
2022/6/6,29925.66,31735.66,29799.22,31438.72
2022/6/7,31438.48,31572.47,29209,31330.81
2022/6/8,31329.37,31512.25,29841.54,30179.77
2022/6/9,30179.77,30678.85,29928.5,30161.34
2022/6/10,30161.34,30331.21,28837.13,29177.39
2022/6/11,29177.39,29409.3,28097.48,28380.38
2022/6/12,28380.38,28651.01,26876.51,27345.79
2022/6/13,27345.79,27496.14,22603.2,23209.61
2022/6/14,23209.61,23350.79,20823.56,21966.38
2022/6/15,21966.38,22363.12,20081.95,21640.29
2022/6/16,21640.45,22950.14,20481.5,20677.24
2022/6/17,20677.24,21323.96,20207.65,20630.54
2022/6/18,20630.49,20745.47,17599.73,17785.09
2022/6/19,17785.09,20671.37,17742.83,20607.54
2022/6/20,20608.04,21017.54,19618.11,20427.23
2022/6/21,20428.01,21693.17,20239.09,20838.45
2022/6/22,20838.46,21025.22,19759.22,19857.05
2022/6/23,19858.05,21079.75,19813.3,20795.38
2022/6/24,20795.38,21419.13,20655.13,21183.82
2022/6/25,21183.82,21580.81,20904.96,21214.51
2022/6/26,21214.55,21860.13,21127.51,21392.35
2022/6/27,21392.36,21502.15,20510.21,20898.65
2022/6/28,20898.66,21184.08,20181.35,20247.7
2022/6/29,20247.5,20429.3,19841.44,20197.75
2022/6/30,20198.54,20328.19,18632.1,18731.3
2022/7/1,18731.31,20851.19,18699.87,19406.69
2022/7/2,19406.84,19491.49,18970.39,19238.99
2022/7/3,19238.99,19621.34,18772,19420.48
2022/7/4,19420.5,20073.35,19037.2,19755.85
2022/7/5,19756.01,20721.14,19287.02,20441.63
2022/7/6,20441.63,20473.89,19751.87,20380
2022/7/7,20380.46,21833.98,20250.46,21610.58
2022/7/8,21610.58,22471.59,21179.91,21846.53
2022/7/9,21846.5,22005.32,21321.99,21672.98
2022/7/10,21672.98,21740.15,20655.4,20972.87
2022/7/11,20972.87,21166.58,20266.11,20409.54
2022/7/12,20410.16,20413.99,19275.38,19443.28
2022/7/13,19443.28,20077.9,18917.66,19657.01
2022/7/14,19657,20878.51,19628.55,20667.93
2022/7/15,20667.93,21183.46,20372.72,20926.53
2022/7/16,20926.53,21572,20480.3,21204.61
2022/7/17,21205.22,21659.81,20830.26,20930.58
2022/7/18,20930.58,22759.87,20754.08,21487.97
2022/7/19,21487.97,23684.75,21449.79,23304.71
2022/7/20,23303.55,24275.83,22928.34,23258.12
2022/7/21,23258.47,23788.87,22348.83,23123.88
2022/7/22,23123.9,23749.61,22516.78,22605.38
2022/7/23,22605.39,22996.91,21951.51,22330.07
2022/7/24,22330.07,22905.05,22235.64,22723.53
2022/7/25,22723.52,23004.38,21564.22,22171.68
2022/7/26,22171.99,22183.82,20730.96,20985.62
2022/7/27,20985.34,23101.97,20829.94,22784.97
2022/7/28,22784.97,24195.91,22587.68,24033.74
2022/7/29,24033.15,24428.55,23447.37,23951.94
2022/7/30,23952.45,24657.7,23661.01,23972.77
2022/7/31,23972.77,24190.02,23412.92,23807.28
2022/8/1,23807.28,23828.94,22867.66,23129.11
2022/8/2,23126.4,23447.88,22669.44,23029.66
2022/8/3,23029.66,23633.25,22693.92,23327.08
2022/8/4,23327.08,23368.46,22409.4,22513.58
2022/8/5,22513.58,23467.93,22460.3,22985.34
2022/8/6,22985.55,23354.35,22985.42,23174.48
2022/8/7,23174.46,23288.96,22856.57,23266.22
2022/8/8,23266.22,24241.71,23068.65,24072.39
2022/8/9,24072.47,24072.82,22885.45,23144.84
2022/8/10,23144.84,24178.75,22683.1,23904.94
2022/8/11,23904.95,24901.94,23789.02,24216.28
2022/8/12,24216.28,24328.39,23606.67,24240.76
2022/8/13,24240.76,24891.84,24089.97,24494.84
2022/8/14,24494.64,25030.8,24162.73,24322.8
2022/8/15,24322.8,25203.03,23891.24,24074.01
2022/8/16,24074.44,24244.97,23677.95,23984.02
2022/8/17,23984.02,24436.73,23186.01,23407.4
2022/8/18,23407.4,23593.89,23241.94,23416.76
2022/8/19,23416.84,23425.2,21153.39,21274.36
2022/8/20,21274.36,21362.5,20794.55,20819.56
2022/8/21,20820.37,21772.02,20768.62,21474.5
2022/8/22,21474.75,21698.29,20906.3,21124.4
2022/8/23,21124.4,21676.63,20904.5,21477.74
2022/8/24,21478.06,21885.15,21154.85,21692.74
2022/8/25,21692.74,21810,21313.96,21647.93
2022/8/26,21647.65,21868.34,20543.48,20650.41
2022/8/27,20650.21,20684,19833.96,20009.56
2022/8/28,20009.56,20155.97,19818.88,19989.13
2022/8/29,19989.09,20412.79,19526.69,20177.32
2022/8/30,20177.32,20572.54,19553.26,19975.94
2022/8/31,19975.94,20480.85,19760.45,20196.67
2022/9/1,20196.92,20289.74,19577.43,20071.34
2022/9/2,20071.33,20438.19,19762.73,19969.21
2022/9/3,19968.88,20053.78,19658.9,19743.94
2022/9/4,19743.94,19951.9,19591.07,19901.9
2022/9/5,19901.95,20053.16,19641.16,19742.13
2022/9/6,19742.13,20176.63,18672,18978.5
2022/9/7,18978.63,19449.91,18548.6,19387.15
2022/9/8,19387.35,19460.93,19024.93,19379.74
2022/9/9,19379.74,21423.5,19258.11,21300.3
2022/9/10,21300.18,21669.25,21137.32,21431.35
2022/9/11,21431.35,21851.3,21360.2,21641.25
2022/9/12,21641.25,22480.39,21476.29,22409.58
2022/9/13,22409.58,22777.32,20056.15,20240.4
2022/9/14,20240.38,20519.38,19630.25,19946.38
2022/9/15,19946.05,20390.63,19508.63,19852.49
2022/9/16,19852.42,19890.85,19338.58,19751.07
2022/9/17,19751.16,20183.2,19696.86,20080.05
2022/9/18,20079.95,20143.5,19567.04,19721.88
2022/9/19,19721.83,19722.13,18273.24,19522.21
2022/9/20,19522.29,19678.88,18740.52,18974.31
2022/9/21,18974.31,19854.6,18747.74,18926.45
2022/9/22,18927.32,19492.29,18171.89,19247.72
2022/9/23,19247.72,19500.86,18538.84,18852.06
2022/9/24,18852.06,19398.83,18806.13,19144.41
2022/9/25,19144.41,19167.46,18814.51,18903.75
2022/9/26,18903.75,19312.12,18638.08,19113.38
2022/9/27,19113.38,20371.94,18827.75,19072.71
2022/9/28,19072.71,19656.38,18489.41,19567.79
2022/9/29,19567.55,19772.72,18848.16,19508.14
2022/9/30,19508.14,20176.23,19187.19,19425.13
2022/10/1,19425.13,19484.02,19169.37,19252.71
2022/10/2,19252.71,19396.04,19040.96,19234.63
2022/10/3,19234.63,19648.68,18929.03,19597.13
2022/10/4,19597.13,20453.97,19500.92,20340.91
2022/10/5,20340.91,20405.57,19751.73,19988.42
2022/10/6,19988.04,20443.71,19883.58,20051.13
2022/10/7,20051.13,20056.15,19332.9,19551.56
2022/10/8,19551.56,19643.75,19424.7,19456.38
2022/10/9,19456.38,19556.91,19261.24,19485.5
2022/10/10,19485.5,19524.87,19115.48,19241.2
2022/10/11,19241.2,19279.43,18861.83,19019.1
2022/10/12,19019.1,19195.74,18979.5,19169.43
2022/10/13,19169.43,19505,18201.2,19386.99
2022/10/14,19386.99,19946.86,19117.68,19177.31
2022/10/15,19177.46,19224.66,19048.73,19097.54
2022/10/16,19097.54,19423.5,18995.01,19332.84
2022/10/17,19332.84,19674.83,19108.32,19529.38
2022/10/18,19529.38,19698.94,19099.89,19367.71
2022/10/19,19367.71,19376.7,19082.89,19196.47
2022/10/20,19196.47,19338.5,18922.74,19030.39
2022/10/21,19030.39,19246.73,18680.14,19181.79
2022/10/22,19181.67,19252.03,19120.3,19219.63
2022/10/23,19219.64,19522.31,19085.42,19497.58
2022/10/24,19497.58,19691.06,19167.79,19382.19
2022/10/25,19382.19,20412.22,19244.7,20189.29
2022/10/26,20189.64,21018.79,20001.51,20752.38
2022/10/27,20752.38,20906.62,20253.49,20399.52
2022/10/28,20399.52,20748.3,20030.9,20635.82
2022/10/29,20635.82,21064.66,20564.75,20864.33
2022/10/30,20864.33,20934.9,20562.05,20689.77
2022/10/31,20689.77,20835.46,20245.38,20405.66